{
    "$schema": "https://schema.management.azure.com/schemas/2019-04-01/deploymentTemplate.json#",
    "contentVersion": "1.0.0.0",
    "parameters": {
      "functionAppName": {
        "type": "string",
        "defaultValue": "[format('func-{0}', uniqueString(resourceGroup().id))]",
        "metadata": {
          "description": "The name of the Azure Function app."
        }
      },
      "storageAccountType": {
        "type": "string",
        "defaultValue": "Standard_LRS",
        "allowedValues": [
          "Standard_LRS",
          "Standard_GRS",
          "Standard_RAGRS"
        ],
        "metadata": {
          "description": "Storage Account type"
        }
      },
      "location": {
        "type": "string",
        "defaultValue": "[resourceGroup().location]",
        "metadata": {
          "description": "Location for all resources."
        }
      },
      "appInsightsLocation": {
        "type": "string",
        "defaultValue": "[resourceGroup().location]",
        "metadata": {
          "description": "Location for Application Insights"
        }
      },
      "functionWorkerRuntime": {
        "type": "string",
        "defaultValue": "dotnet",
        "allowedValues": [
          "dotnet",
          "node",
          "python",
          "java"
        ],
        "metadata": {
          "description": "The language worker runtime to load in the function app."
        }
      },
      "packageUri": {
        "type": "string",
        "metadata": {
          "description": "The zip content url."
        }
      }
    },
    "variables": {
      "hostingPlanName": "[parameters('functionAppName')]",
      "applicationInsightsName": "[parameters('functionAppName')]",
      "storageAccountName": "[concat('azfunctions',uniquestring(resourceGroup().id))]"
    },
    "resources": [
      {
        "type": "Microsoft.Storage/storageAccounts",
        "apiVersion": "2021-02-01",
        "name": "[variables('storageAccountName')]",
        "location": "[parameters('location')]",
        "sku": {
          "name": "[parameters('storageAccountType')]"
        },
        "kind": "Storage"
      },
      {
        "type": "Microsoft.Web/serverfarms",
        "apiVersion": "2021-02-01",
        "name": "[variables('hostingPlanName')]",
        "location": "[parameters('location')]",
        "sku": {
          "name": "Y1",
          "tier": "Dynamic",
          "size": "Y1",
          "family": "Y"
        },
        "properties": {
          "computeMode": "Dynamic"
        }
      },
      {
        "type": "microsoft.insights/components",
        "apiVersion": "2020-02-02",
        "name": "[variables('applicationInsightsName')]",
        "location": "[parameters('appInsightsLocation')]",
        "tags": {
          "[concat('hidden-link:', resourceId('Microsoft.Web/sites', variables('applicationInsightsName')))]": "Resource"
        },
        "properties": {
          "Application_Type": "web"
        },
        "kind":"web"
      },
      {
        "type": "Microsoft.Web/sites",
        "apiVersion": "2021-02-01",
        "name": "[parameters('functionAppName')]",
        "location": "[parameters('location')]",
        "kind": "functionapp",
        "dependsOn": [
          "[resourceId('Microsoft.Web/serverfarms', variables('hostingPlanName'))]",
          "[resourceId('Microsoft.Storage/storageAccounts', variables('storageAccountName'))]",
          "[resourceId('Microsoft.Insights/components', variables('applicationInsightsName'))]"
        ],
        "properties": {
          "serverFarmId": "[resourceId('Microsoft.Web/serverfarms', variables('hostingPlanName'))]",
          "siteConfig": {
            "appSettings": [
              {
                "name": "APPINSIGHTS_INSTRUMENTATIONKEY",
                "value": "[reference(resourceId('microsoft.insights/components', variables('applicationInsightsName')), '2015-05-01').InstrumentationKey]"
              },
              {
                "name": "AzureWebJobsStorage",
                "value": "[concat('DefaultEndpointsProtocol=https;AccountName=', variables('storageAccountName'), ';EndpointSuffix=', environment().suffixes.storage, ';AccountKey=',listKeys(resourceId('Microsoft.Storage/storageAccounts', variables('storageAccountName')), '2019-06-01').keys[0].value)]"
              },
              {
                "name": "WEBSITE_CONTENTAZUREFILECONNECTIONSTRING",
                "value": "[concat('DefaultEndpointsProtocol=https;AccountName=', variables('storageAccountName'), ';EndpointSuffix=', environment().suffixes.storage, ';AccountKey=',listKeys(resourceId('Microsoft.Storage/storageAccounts', variables('storageAccountName')), '2019-06-01').keys[0].value)]"
              },
              {
                "name": "WEBSITE_CONTENTSHARE",
                "value": "[toLower(parameters('functionAppName'))]"
              },
              {
                "name": "FUNCTIONS_EXTENSION_VERSION",
                "value": "~4"
              },
              {
                "name": "FUNCTIONS_WORKER_RUNTIME",
                "value": "[parameters('functionWorkerRuntime')]"
              },
              {
                "name": "WEBSITE_NODE_DEFAULT_VERSION",
                "value": "~14"
              },
              {
                "name": "WEBSITE_RUN_FROM_PACKAGE",
                "value": "1"
              }
            ]
          }
        },
        "resources": [
          {
            "apiVersion": "2021-02-01",
            "type": "extensions",
            "name": "zipdeploy",    
            "dependsOn": [
              "[resourceId('Microsoft.Web/sites', parameters('functionAppName'))]"
            ],
            "properties": {
              "packageUri": "[parameters('packageUri')]"
            }
          }
        ]
      }
    ]
  }